id,position_x,position_y,iteration_number
1,3.8072690518317334,0.8566087638421805,1
1,3.3027925488011594,-1.0787215588392072,2
1,4.601157702828972,4.521265238808255,3
1,4.891251673005439,2.542415702217043,4
1,5.419671128881444,4.471346203466817,5
1,5.528525858351463,2.4743107386159773,6
1,5.486292029929974,0.47475671240491635,7
1,6.950902505438237,-0.8871963539785983,8
1,8.716797691156092,3.9389431255717815,9
