id,position_x,position_y,iteration_number
1,1.6475483993848166,-1.9686995375688479,1
1,1.5672848143196974,4.998388790228892,3
1,2.213468173796727,6.891124129872283,5
1,3.9921413360103357,7.8056304349467975,7
1,5.090186972006599,3.3283852772634592,9
1,5.351931499615743,1.34558679979111,11
1,6.2293012163831705,-0.45169514250382226,13
1,6.559740701697377,4.972513560547882,15
1,6.336455950238225,2.9850166624960073,17
1,7.942090900620454,4.177466412427239,19
